Lon,Lat,Harvest_Index,Kelp_Persistence,Mean_Biomass
-120.6653025,34.89159014,0.00,0.43,1353
-120.6397368,34.55893677,0.00,0.39,585
-120.6472266,34.72993081,0.00,0.14,65
-120.6476225,34.73893032,0.00,0.19,138
-120.6480186,34.74792982,0.00,0.57,1828
-120.6543805,34.89191941,0.00,0.48,2463
-120.6284669,34.55026107,0.00,0.39,874
-120.6359311,34.7212575,0.00,0.27,3052
-120.6363257,34.73025714,0.03,0.41,45426
-120.6367205,34.73925676,0.00,0.26,393
-120.6171994,34.54158417,0.00,0.15,1018
-120.6175894,34.55058427,0.01,0.38,11267
-120.6250313,34.72158275,0.00,0.36,5098
-120.6254247,34.7305825,0.00,0.31,4449
-120.6063228,34.54190629,0.00,0.28,379
-120.6067116,34.55090649,0.02,0.37,31550
-120.6200332,34.85690307,0.00,0.57,320
-120.5958337,34.55122775,0.01,0.48,11226
-120.5845692,34.54254763,0.00,0.31,7034
-120.5849556,34.55154804,0.00,0.54,2481
-120.5733069,34.53386631,0.24,0.62,242005
-120.5736921,34.54286685,0.03,0.43,39266
-120.5624308,34.53418446,0.06,0.49,69157
-120.551172,34.52550087,0.00,0.41,4251
-120.5515546,34.53450164,0.04,0.42,63096
-120.5399154,34.51681609,0.01,0.39,11167
-120.5402967,34.52581698,0.16,0.50,196966
-120.5406781,34.53481786,0.00,0.33,897
-120.5286612,34.50813012,0.00,0.34,292
-120.5290411,34.51713113,0.31,0.55,355725
-120.5294212,34.52613213,0.02,0.41,30966
-120.5170309,34.4904418,0.00,0.29,6933
-120.5174093,34.49944295,0.09,0.58,100676
-120.5177879,34.50844408,0.20,0.50,255739
-120.5181667,34.5174452,0.10,0.51,124677
-120.5057826,34.48175332,0.20,0.55,227615
-120.5061597,34.49075459,0.65,0.65,620580
-120.506537,34.49975585,0.07,0.53,80579
-120.4763264,34.03197472,0.03,0.41,40063
-120.4766941,34.04097694,0.01,0.36,16788
-120.4945367,34.47306365,0.18,0.53,208521
-120.4949125,34.48206504,0.15,0.58,161659
-120.4952884,34.49106642,0.00,0.70,1500
-120.4651472,34.02327797,0.26,0.55,295239
-120.4655136,34.03228031,0.30,0.51,368510
-120.4658802,34.04128263,0.05,0.36,94760
-120.4825447,34.44636971,0.00,0.26,409
-120.4829189,34.45537125,0.01,0.33,27014
-120.4836676,34.4733743,0.00,0.57,1659
-120.4539704,34.01458005,0.00,0.45,6479
-120.4543355,34.02358251,0.53,0.69,475750
-120.4547007,34.03258495,0.10,0.49,127600
-120.4550661,34.04158737,0.08,0.41,115861
-120.4554317,34.05058978,0.03,0.35,47667
-120.4713061,34.43767742,0.00,0.70,1648
-120.4716789,34.44667909,0.01,0.61,9489
-120.4431595,34.01488354,0.10,0.62,95706
-120.4435235,34.0238861,0.60,0.73,507718
-120.4438876,34.03288864,0.07,0.53,83155
-120.4442519,34.04189116,0.21,0.42,312728
-120.4446163,34.05089367,0.32,0.46,429230
-120.4449809,34.05989616,0.01,0.29,21721
-120.4604413,34.43798573,0.01,0.48,14957
-120.4323486,34.01518607,0.07,0.62,68862
-120.4327114,34.02418873,0.01,0.41,9342
-120.4334375,34.042194,0.12,0.62,117261
-120.4338008,34.05119662,0.31,0.45,420008
-120.4341643,34.06019921,0.07,0.38,110869
-120.4495763,34.43829308,0.01,0.45,16074
-120.4499468,34.44729496,0.02,0.51,25312
-120.4215374,34.01548766,0.01,0.53,10567
-120.4218991,34.02449043,0.27,0.79,208010
-120.4229851,34.05149861,0.09,0.43,124425
-120.4233474,34.06050131,0.01,0.32,13082
-120.4387112,34.43859947,0.06,0.61,57763
-120.4390805,34.44760145,0.13,0.65,125687
-120.4107261,34.0157883,0.02,0.65,18743
-120.4110867,34.02479117,0.58,0.83,435926
-120.4118082,34.04279684,0.00,0.56,5197
-120.4121693,34.05179966,0.10,0.43,139199
-120.4278459,34.43890489,0.29,0.67,273240
-120.428214,34.44790697,0.06,0.59,61264
-120.3999146,34.016088,0.44,0.76,360348
-120.4002741,34.02509096,0.09,0.73,78218
-120.4013532,34.05209975,0.05,0.41,74453
-120.4166136,34.43020716,0.00,0.26,2183
-120.4169804,34.43920936,0.52,0.63,507870
-120.4173474,34.44821154,0.09,0.49,108352
-120.3887449,34.00738366,0.01,0.52,16841
-120.389103,34.01638674,0.29,0.64,285997
-120.3905371,34.0523989,0.00,0.29,5754
-120.390896,34.0614019,0.00,0.25,3056
-120.4057491,34.43051055,0.00,0.27,5547
-120.4061148,34.43951285,0.43,0.62,427116
-120.4064806,34.44851514,0.06,0.43,93358
-120.3779343,34.00768136,0.30,0.64,294532
-120.3782912,34.01668454,0.10,0.73,85490
-120.3948845,34.43081299,0.04,0.36,68492
-120.395249,34.43981539,0.37,0.61,376220
-120.3956136,34.44881777,0.02,0.39,30898
-120.3667678,33.99897481,0.02,0.49,29798
-120.3671235,34.00797811,0.32,0.61,325348
-120.3689042,34.05299435,0.00,0.37,543
-120.3692609,34.06199755,0.01,0.42,8677
-120.3696176,34.07100073,0.00,0.23,498
-120.3840197,34.43111446,0.00,0.23,10946
-120.384383,34.44011696,0.13,0.47,165182
-120.3847465,34.44911945,0.02,0.38,36489
-120.355958,33.99927051,0.00,0.28,3686
-120.3563125,34.00827391,0.67,0.69,608751
-120.3566672,34.01727729,0.08,0.72,71651
-120.3577322,34.04428733,0.00,0.29,6550
-120.3580876,34.05329065,0.02,0.35,31603
-120.3584431,34.06229395,0.01,0.31,12214
-120.3731547,34.43141497,0.00,0.13,433
-120.3735169,34.44041757,0.03,0.31,66014
-120.3738792,34.44942016,0.05,0.48,62866
-120.345148,33.99956526,0.04,0.55,48661
-120.3455014,34.00856876,0.40,0.64,389778
-120.3458549,34.01757224,0.05,0.56,53883
-120.3469166,34.04458258,0.02,0.32,44487
-120.3472708,34.053586,0.01,0.32,17833
-120.3626506,34.44071722,0.01,0.30,27868
-120.3630118,34.4497199,0.18,0.56,202441
-120.3346901,34.00886266,0.15,0.63,144471
-120.3350425,34.01786624,0.05,0.60,51752
-120.3357479,34.03587335,0.00,0.31,873
-120.3361007,34.04487688,0.00,0.26,2900
-120.3364538,34.0538804,0.00,0.19,250
-120.3521442,34.45001868,0.02,0.52,20721
-120.3238787,34.00915562,0.28,0.64,268413
-120.32423,34.0181593,0.00,0.58,1928
-120.324933,34.0361666,0.00,0.23,5644
-120.3412764,34.4503165,0.08,0.51,101080
-120.3416354,34.45931937,0.00,0.61,2762
-120.3130671,34.00944763,0.17,0.52,205909
-120.3134172,34.0184514,0.00,0.19,1395
-120.3137675,34.02745516,0.00,0.32,6662
-120.314118,34.03645891,0.01,0.35,12975
-120.3304085,34.45061336,0.02,0.46,31490
-120.3307664,34.45961633,0.02,0.42,32902
-120.3195404,34.45090925,0.01,0.44,10847
-120.3198971,34.45991232,0.14,0.60,146804
-120.3090277,34.46020734,0.21,0.64,199272
-120.2981581,34.4605014,0.04,0.46,60861
-120.2985127,34.46950465,0.00,0.35,1633
-120.2872884,34.4607945,0.02,0.41,26545
-120.2579744,33.98388056,0.06,0.46,85872
-120.2583184,33.99288487,0.12,0.38,201147
-120.2586625,34.00188917,0.03,0.32,61917
-120.2590068,34.01089345,0.01,0.22,24013
-120.2764186,34.46108663,0.02,0.56,17974
-120.24648,33.96615772,0.00,0.19,4317
-120.2468225,33.97516216,0.02,0.30,39584
-120.2471653,33.98416659,0.27,0.48,347304
-120.2475081,33.99317099,0.16,0.53,184991
-120.2478511,34.00217539,0.02,0.34,36982
-120.2481943,34.01117976,0.04,0.28,83078
-120.2485376,34.02018412,0.02,0.24,47606
-120.2488811,34.02918847,0.00,0.22,7870
-120.2651977,34.45237424,0.00,0.18,986
-120.2655485,34.4613778,0.00,0.44,5736
-120.2353317,33.95743805,0.01,0.31,28206
-120.235673,33.96644261,0.21,0.40,322279
-120.2360144,33.97544715,0.45,0.50,565287
-120.236356,33.98445167,0.20,0.49,256431
-120.2370396,34.00246066,0.02,0.40,27451
-120.2373817,34.01146513,0.09,0.31,178269
-120.2377238,34.02046959,0.06,0.29,133885
-120.2380662,34.02947403,0.04,0.28,98556
-120.2543286,34.45266435,0.00,0.07,504
-120.2238459,33.93971255,0.01,0.28,12562
-120.2241857,33.94871724,0.05,0.34,87135
-120.2245257,33.9577219,0.22,0.50,274768
-120.2248659,33.96672655,0.33,0.49,410664
-120.2252062,33.97573118,0.08,0.45,109632
-120.2255466,33.9847358,0.00,0.34,4647
-120.2262279,34.00274499,0.00,0.29,7612
-120.2265688,34.01174956,0.04,0.24,92101
-120.2269099,34.02075411,0.02,0.22,44481
-120.2272511,34.02975865,0.05,0.31,101994
-120.2275924,34.03876317,0.00,0.14,2873
-120.243808,34.46195724,0.00,0.24,276
-120.2127035,33.93099047,0.02,0.29,34921
-120.213042,33.93999526,0.08,0.31,168764
-120.2133807,33.94900004,0.25,0.46,339251
-120.2137196,33.9580048,0.20,0.47,264362
-120.2140586,33.96700955,0.03,0.40,40764
-120.2154161,34.00302837,0.07,0.38,108096
-120.2157559,34.01203303,0.12,0.31,241235
-120.2160958,34.02103768,0.01,0.25,17991
-120.2329375,34.46224552,0.00,0.21,207
-120.2012262,33.91326231,0.00,0.31,1094
-120.2015633,33.92226723,0.06,0.36,98483
-120.2019006,33.93127214,0.29,0.46,397743
-120.202238,33.94027703,0.24,0.49,309919
-120.2025756,33.9492819,0.07,0.53,78142
-120.2046041,34.0033108,0.09,0.45,121984
-120.2049427,34.01231555,0.13,0.38,208568
-120.2052815,34.0213203,0.00,0.23,2199
-120.2220669,34.46253283,0.00,0.16,279
-120.1904254,33.91354285,0.11,0.49,139020
-120.1907614,33.92254786,0.08,0.42,120723
-120.1910975,33.93155286,0.09,0.53,111034
-120.193792,34.00359228,0.08,0.46,105749
-120.1941295,34.01259713,0.13,0.38,205832
-120.1944671,34.02160197,0.00,0.20,75
-120.211196,34.46281918,0.00,0.21,972
-120.1792898,33.90481731,0.02,0.42,26540
-120.1796245,33.91382244,0.17,0.53,193851
-120.1799593,33.92282755,0.00,0.52,2630
-120.1829797,34.00387281,0.04,0.38,65321
-120.1833161,34.01287776,0.05,0.33,98193
-120.1836526,34.02188269,0.00,0.22,10164
-120.1839892,34.03088761,0.00,0.14,64
-120.2003251,34.46310456,0.00,0.29,700
-120.1684898,33.90509586,0.11,0.47,149053
-120.1688234,33.91410108,0.01,0.56,15522
-120.1721673,34.00415239,0.00,0.21,2574
-120.1725025,34.01315744,0.07,0.31,146141
-120.1728378,34.02216246,0.02,0.22,57586
-120.1731733,34.03116748,0.00,0.15,1879
-120.189454,34.46338897,0.00,0.39,6820
-120.1573574,33.89636813,0.00,0.20,620
-120.1576897,33.90537346,0.11,0.50,134190
-120.1616888,34.01343617,0.05,0.41,74632
-120.162023,34.02244129,0.09,0.27,201015
-120.1623574,34.03144639,0.01,0.20,26772
-120.1785827,34.46367242,0.00,0.15,403
-120.1465583,33.8966447,0.15,0.62,145796
-120.1468895,33.90565012,0.02,0.61,17842
-120.151208,34.02271916,0.16,0.38,265083
-120.1515412,34.03172436,0.02,0.24,54903
-120.1677113,34.46395491,0.00,0.37,4662
-120.1354292,33.88791479,0.03,0.55,28422
-120.1357591,33.89692032,0.12,0.64,112323
-120.1403928,34.02299609,0.03,0.40,44038
-120.1568397,34.46423643,0.01,0.36,9196
-120.1246309,33.88818937,0.17,0.64,168200
-120.1295775,34.02327207,0.00,0.15,910
-120.145968,34.46451699,0.00,0.33,8412
-120.1138325,33.88846301,0.09,0.47,121353
-120.1141601,33.89746873,0.03,0.48,37299
-120.1184324,34.0145416,0.00,0.20,8322
-120.1187621,34.02354709,0.05,0.26,111823
-120.1190919,34.03255257,0.02,0.20,58156
-120.1350962,34.46479658,0.14,0.59,143144
-120.1030339,33.88873571,0.02,0.47,25140
-120.1033604,33.89774152,0.09,0.49,114707
-120.103687,33.90674731,0.00,0.40,3151
-120.107618,34.01481559,0.01,0.26,36333
-120.1079465,34.02382117,0.00,0.18,11107
-120.1082752,34.03282674,0.00,0.14,1731
-120.1238884,34.45607041,0.00,0.23,47
-120.1242242,34.46507521,0.20,0.62,203563
-120.0925606,33.89801336,0.00,0.30,10092
-120.0928861,33.90701924,0.01,0.38,11653
-120.0968034,34.01508862,0.01,0.25,15968
-120.1130174,34.45634798,0.11,0.63,105983
-120.113352,34.46535287,0.01,0.48,12089
-120.0817606,33.89828426,0.07,0.55,73274
-120.0820849,33.90729023,0.03,0.50,41598
-120.0859886,34.01536071,0.00,0.18,412
-120.1021463,34.45662458,0.09,0.61,87651
-120.0709604,33.89855421,0.02,0.54,28000
-120.0712837,33.90756028,0.06,0.50,76266
-120.0754988,34.02463771,0.00,0.27,1584
-120.091275,34.45690022,0.08,0.60,83800
-120.0604823,33.90782938,0.08,0.50,93357
-120.0650068,34.03391393,0.00,0.13,5531
-120.0804035,34.4571749,0.00,0.32,7693
-120.0496807,33.90809753,0.04,0.39,69262
-120.0500018,33.91710376,0.01,0.48,10258
-120.0525759,33.98915306,0.00,0.44,414
-120.0528983,33.99815915,0.01,0.23,15520
-120.0532208,34.00716522,0.01,0.27,31487
-120.0535435,34.01617128,0.00,0.24,12631
-120.0538663,34.02517732,0.00,0.50,1385
-120.0541893,34.03418335,0.02,0.31,34684
-120.0695319,34.45744861,0.04,0.53,52213
-120.038879,33.90836474,0.01,0.25,34114
-120.039199,33.91737106,0.04,0.36,73158
-120.041764,33.98942108,0.00,0.21,4970
-120.0420852,33.99842726,0.00,0.14,3599
-120.0427282,34.01643957,0.00,0.11,309
-120.0433717,34.03445182,0.01,0.31,22277
-120.0586602,34.45772135,0.00,0.37,8310
-120.0280772,33.908631,0.00,0.19,2857
-120.028396,33.91763741,0.01,0.21,17679
-120.028715,33.92664381,0.01,0.29,27713
-120.0309519,33.98968815,0.00,0.16,205
-120.0477883,34.45799313,0.02,0.37,31329
-120.0175929,33.91790282,0.00,0.18,461
-120.0179108,33.92690931,0.00,0.19,2367
-120.0182288,33.93591578,0.00,0.23,316
-120.0198209,33.9809479,0.00,0.15,1847
-120.0369163,34.45826395,0.00,0.20,2009
-120.0074233,33.93618042,0.00,0.19,463
-120.025719,34.44952816,0.00,0.19,441
-119.9966176,33.93644411,0.00,0.19,683
-120.0148478,34.44979695,0.00,0.13,963
-120.0151718,34.45880268,0.00,0.26,638
-119.9858118,33.93670686,0.00,0.20,1185
-119.9864414,33.95472029,0.02,0.65,15973
-119.9867564,33.96372698,0.01,0.38,8221
-120.0036539,34.44105895,0.00,0.19,375
-120.0039765,34.45006478,0.00,0.29,1841
-119.9750059,33.93696866,0.01,0.28,26004
-119.9753195,33.94597547,0.02,0.35,38430
-119.9756332,33.95498226,0.00,0.42,4532
-119.9759471,33.96398904,0.00,0.21,148
-119.9927836,34.44132572,0.00,0.17,1934
-119.9641998,33.93722951,0.00,0.21,4087
-119.9645123,33.94623641,0.00,0.24,2392
-119.981593,34.43258551,0.00,0.38,1198
-119.9819132,34.44159154,0.01,0.37,13903
-119.9704047,34.42384413,0.00,0.30,7720
-119.9707236,34.43285026,0.03,0.38,52051
-119.9710426,34.44185638,0.00,0.36,1632
-119.9592188,34.4151016,0.01,0.29,11070
-119.9595363,34.42410784,0.31,0.64,302593
-119.959854,34.43311406,0.05,0.60,56315
-119.9354985,34.04609129,0.01,0.24,13489
-119.9358092,34.05509826,0.04,0.29,83093
-119.93612,34.06410522,0.00,0.15,2465
-119.9483514,34.41536425,0.00,0.20,89
-119.9486678,34.42437058,0.07,0.46,100012
-119.9489844,34.43337689,0.01,0.39,18856
-119.9246782,34.0463494,0.03,0.33,52684
-119.9249878,34.05535646,0.03,0.40,42940
-119.9252975,34.0643635,0.00,0.22,11996
-119.9256073,34.07337053,0.00,0.26,285
-119.9377992,34.42463235,0.01,0.22,39753
-119.9381145,34.43363875,0.01,0.33,13533
-119.9138578,34.04660655,0.09,0.46,122937
-119.9141662,34.0556137,0.01,0.68,6932
-119.9147835,34.07362795,0.00,0.37,237
-119.9266163,34.41588667,0.00,0.45,2535
-119.9269304,34.42489317,0.01,0.32,18601
-119.9011964,33.99281904,0.00,0.22,430
-119.9015028,34.00182636,0.00,0.17,1011
-119.9027301,34.03785551,0.01,0.35,25361
-119.9030372,34.04686276,0.02,0.36,43293
-119.9036519,34.06487721,0.00,0.34,78
-119.9039595,34.07388441,0.00,0.46,142
-119.9157485,34.41614643,0.08,0.48,102514
-119.9160614,34.42515302,0.00,0.34,7932
-119.8897723,33.9750589,0.00,0.37,2718
-119.8900773,33.98406635,0.10,0.47,126349
-119.8903825,33.99307378,0.07,0.42,102973
-119.8906878,34.00208119,0.05,0.40,73662
-119.8909933,34.01108859,0.01,0.26,12337
-119.8916046,34.02910333,0.03,0.43,36999
-119.8919105,34.03811068,0.02,0.46,29853
-119.9045689,34.40739853,0.00,0.39,2944
-119.9048806,34.41640523,0.21,0.61,210049
-119.8789605,33.97531253,0.05,0.49,60821
-119.8792645,33.98432006,0.02,0.65,20186
-119.8807861,34.02935747,0.01,0.48,10589
-119.8933917,34.39864949,0.00,0.31,6791
-119.893702,34.40765628,0.00,0.19,3613
-119.8940125,34.41666306,0.00,0.14,82
-119.867846,33.96655757,0.05,0.53,56416
-119.8681487,33.9755652,0.00,0.36,542
-119.8711826,34.06564064,0.00,0.53,404
-119.8825259,34.39890619,0.12,0.46,168577
-119.8567338,33.95780148,0.13,0.59,134415
-119.8570352,33.96680921,0.02,0.52,28633
-119.8603592,34.06589322,0.00,0.26,854
-119.8716598,34.39916192,0.33,0.58,347209
-119.8719679,34.40816889,0.00,0.46,4298
-119.845924,33.95805208,0.08,0.50,92883
-119.8462242,33.9670599,0.00,0.47,606
-119.849234,34.0571372,0.00,0.23,548
-119.8495357,34.06614484,0.00,0.16,197
-119.8607937,34.39941669,0.25,0.52,298129
-119.8345162,33.9402859,0.03,0.50,34913
-119.834815,33.94929383,0.03,0.44,42255
-119.8384114,34.05738778,0.00,0.23,83
-119.8499274,34.3996705,0.00,0.21,12263
-119.8237083,33.94053444,0.04,0.49,47218
-119.824006,33.94954246,0.23,0.50,283680
-119.8243039,33.95855045,0.02,0.56,20804
-119.8272895,34.04862959,0.00,0.21,294
-119.8275888,34.05763742,0.00,0.14,100
-119.839061,34.39992334,0.00,0.12,3983
-119.8393655,34.40893056,0.00,0.23,1287
-119.8131969,33.94979014,0.01,0.31,22637
-119.8134936,33.95879822,0.03,0.44,43204
-119.8164679,34.04887819,0.00,0.14,76
-119.8281945,34.40017522,0.00,0.09,90
-119.8284978,34.40918253,0.01,0.33,26611
-119.8026832,33.95904503,0.00,0.70,704
-119.8056461,34.04912584,0.01,0.37,19597
-119.81763,34.40943353,0.02,0.33,34064
-119.7915783,33.95028265,0.00,0.29,81
-119.7918727,33.9592909,0.00,0.31,1141
-119.806762,34.40968357,0.04,0.46,57622
-119.7810621,33.95953582,0.00,0.51,4584
-119.7840022,34.04961829,0.00,0.19,229
-119.795594,34.40092508,0.00,0.21,744
-119.7958939,34.40993264,0.02,0.30,45831
-119.7699592,33.95077138,0.01,0.50,12654
-119.7702513,33.95977979,0.00,0.51,1847
-119.77318,34.04986308,0.00,0.15,348
-119.7847269,34.40117311,0.05,0.43,76235
-119.7850256,34.41018075,0.02,0.33,30269
-119.7591494,33.95101432,0.01,0.31,10203
-119.7594404,33.96002282,0.01,0.45,15179
-119.7623577,34.05010693,0.00,0.26,68
-119.7738597,34.40142017,0.01,0.30,27116
-119.7483395,33.95125632,0.00,0.20,309
-119.7486294,33.96026489,0.02,0.48,23247
-119.7515353,34.05034982,0.00,0.06,80
-119.7629924,34.40166627,0.00,0.25,8866
-119.7378182,33.96050602,0.00,0.52,3556
-119.7404227,34.04158326,0.00,0.29,249
-119.7518298,34.3929035,0.00,0.27,6776
-119.7521249,34.40191141,0.00,0.33,825
-119.7267193,33.95173746,0.00,0.31,4932
-119.7296011,34.04182417,0.00,0.09,58
-119.7409633,34.39314759,0.03,0.45,35026
-119.715909,33.95197661,0.00,0.36,3303
-119.7161955,33.96098543,0.00,0.42,6559
-119.7187795,34.04206413,0.00,0.26,285
-119.7298041,34.38438264,0.00,0.13,429
-119.7300968,34.39339072,0.03,0.52,35656
-119.705384,33.96122372,0.00,0.29,1914
-119.7056694,33.9702326,0.00,0.30,528
-119.7076712,34.03329437,0.00,0.37,1369
-119.7189386,34.38462472,0.01,0.32,10050
-119.7192301,34.39363288,0.01,0.46,16391
-119.6948566,33.97047002,0.00,0.26,891
-119.6965652,34.02452349,0.00,0.21,204
-119.7080729,34.38486584,0.00,0.19,285
-119.7083632,34.39387408,0.00,0.29,4516
-119.6840437,33.97070649,0.00,0.36,4108
-119.6732306,33.970942,0.00,0.26,937
-119.6735128,33.97995111,0.00,0.28,5216
-119.6626985,33.98018576,0.00,0.42,5696
-119.6638239,34.01622236,0.00,0.55,827
-119.6298809,33.25963014,0.00,0.25,5693
-119.6301511,33.2686406,0.00,0.26,11923
-119.6304215,33.27765105,0.00,0.16,663
-119.651884,33.98041946,0.00,0.34,3822
-119.6530049,34.01645638,0.00,0.40,111
-119.6191558,33.25985666,0.01,0.25,33199
-119.6194249,33.2688672,0.04,0.31,69535
-119.6196942,33.27787772,0.03,0.36,50458
-119.6410695,33.98065221,0.01,0.38,17794
-119.6419065,34.00768016,0.00,0.27,4243
-119.6421857,34.01668944,0.00,0.16,361
-119.6545965,34.41308285,0.00,0.27,3717
-119.6081627,33.25107162,0.00,0.24,7088
-119.6084306,33.26008225,0.14,0.40,224291
-119.6086986,33.26909287,0.21,0.45,294780
-119.6089668,33.27810347,0.15,0.44,215617
-119.6092351,33.28711406,0.00,0.06,107
-119.6302548,33.98088402,0.02,0.38,36980
-119.6310884,34.0079122,0.00,0.24,4974
-119.6313665,34.01692156,0.00,0.20,2673
-119.643443,34.40430974,0.01,0.35,17723
-119.6437266,34.41331843,0.00,0.17,860
-119.5971717,33.24228549,0.01,0.34,24374
-119.5974384,33.25129622,0.03,0.31,49435
-119.5977053,33.26030693,0.06,0.37,103412
-119.5979722,33.26931762,0.11,0.40,170651
-119.5982393,33.2783283,0.03,0.29,73388
-119.5985064,33.28733896,0.00,0.31,176
-119.6194399,33.98111487,0.02,0.39,30708
-119.6328565,34.41355304,0.00,0.30,10308
-119.5864485,33.24250909,0.20,0.53,238532
-119.5867141,33.25151989,0.25,0.44,351489
-119.5869798,33.26053068,0.17,0.41,257563
-119.5872457,33.26954145,0.14,0.39,216962
-119.5875116,33.2785522,0.09,0.38,153421
-119.5877777,33.28756294,0.00,0.13,1171
-119.608625,33.98134477,0.01,0.38,12474
-119.6102796,34.03540193,0.00,0.45,2026
-119.6219863,34.41378668,0.00,0.21,1484
-119.5757251,33.24273177,0.45,0.59,473258
-119.5759896,33.25174264,0.13,0.44,178674
-119.5762542,33.2607535,0.15,0.64,142869
-119.576519,33.26976435,0.04,0.41,67550
-119.5767838,33.27877518,0.04,0.31,84306
-119.5770488,33.287786,0.04,0.33,66219
-119.5773139,33.2967968,0.00,0.24,819
-119.5978099,33.98157373,0.05,0.42,69019
-119.5994577,34.03563135,0.00,0.74,336
-119.6108359,34.40501044,0.00,0.19,495
-119.611116,34.41401936,0.03,0.37,41897
-119.5647383,33.23394255,0.11,0.61,111532
-119.5650016,33.24295352,0.05,0.52,55122
-119.5657922,33.26998633,0.00,0.30,8374
-119.566056,33.27899723,0.05,0.34,98304
-119.5663198,33.28800813,0.12,0.39,188826
-119.5665838,33.297019,0.00,0.14,34
-119.5869947,33.98180173,0.03,0.39,46878
-119.5872679,33.99081145,0.02,0.39,25373
-119.5999666,34.40524207,0.00,0.15,282
-119.6002456,34.41425108,0.01,0.34,16441
-119.5537538,33.22515225,0.04,0.53,43749
-119.5540158,33.2341633,0.04,0.53,50849
-119.555328,33.27921836,0.09,0.40,145820
-119.5555907,33.28822933,0.21,0.48,274789
-119.5761794,33.98202879,0.02,0.36,39963
-119.5764515,33.99103858,0.04,0.44,56029
-119.5780863,34.04509703,0.00,0.23,269
-119.5890973,34.40547275,0.00,0.21,7261
-119.589375,34.41448183,0.00,0.21,387
-119.5430322,33.225372,0.04,0.48,46723
-119.5445998,33.27943857,0.03,0.39,46353
-119.5448615,33.28844961,0.12,0.40,186065
-119.565364,33.98225489,0.07,0.40,114079
-119.5656349,33.99126477,0.11,0.45,154836
-119.5672629,34.04532368,0.00,0.26,128
-119.5675347,34.05433344,0.00,0.22,424
-119.5782277,34.40570246,0.00,0.30,7732
-119.5323106,33.22559083,0.02,0.52,19353
-119.5338716,33.27965785,0.03,0.37,46948
-119.5341322,33.28866897,0.05,0.37,78927
-119.5545485,33.98248005,0.05,0.36,83754
-119.5548182,33.99149,0.07,0.39,117150
-119.5550881,34.00049993,0.02,0.40,33056
-119.5564394,34.04554936,0.00,0.32,6545
-119.5668075,34.38791269,0.01,0.30,10496
-119.5213302,33.21679745,0.01,0.51,12595
-119.5215888,33.22580874,0.00,0.52,5890
-119.5228839,33.270865,0.01,0.42,20115
-119.5231432,33.2798762,0.06,0.39,87352
-119.5234027,33.2888874,0.00,0.30,7999
-119.5437328,33.98270426,0.02,0.33,44518
-119.5440014,33.99171428,0.01,0.26,20024
-119.5442702,34.00072429,0.02,0.37,25730
-119.544539,34.00973428,0.00,0.33,1307
-119.5559401,34.38814031,0.02,0.33,39693
-119.5103519,33.20800297,0.00,0.26,2418
-119.5106094,33.21701436,0.08,0.56,90515
-119.5118984,33.26207106,0.00,0.26,172
-119.5121565,33.27108235,0.05,0.36,77891
-119.5124148,33.28009363,0.09,0.38,139492
-119.5126731,33.2891049,0.00,0.18,1432
-119.532917,33.98292752,0.00,0.28,2285
-119.5331845,33.99193762,0.01,0.36,9388
-119.5339877,34.01896782,0.00,0.38,2453
-119.5342557,34.02797786,0.00,0.19,1000
-119.5345237,34.03698788,0.00,0.16,212
-119.5450726,34.38836698,0.14,0.42,212692
-119.4996321,33.20821889,0.02,0.48,28831
-119.4998885,33.21723035,0.05,0.60,49000
-119.501172,33.26228742,0.01,0.33,15936
-119.501429,33.27129879,0.19,0.44,261835
-119.5016862,33.28031014,0.05,0.39,84787
-119.523434,34.02820054,0.00,0.27,2704
-119.5342049,34.38859268,0.03,0.35,48239
-119.4889122,33.20843388,0.11,0.72,94201
-119.4891675,33.21744542,0.01,0.47,9201
-119.4904455,33.26250285,0.02,0.32,34770
-119.4907014,33.27151429,0.09,0.36,157002
-119.4909575,33.28052572,0.02,0.33,30027
-119.5230666,34.37980783,0.00,0.39,2810
-119.5233371,34.38881741,0.00,0.31,2747
-119.4781922,33.20864796,0.16,0.64,154962
-119.4794641,33.25370583,0.00,0.26,372
-119.4797189,33.26271736,0.05,0.35,87289
-119.4799737,33.27172888,0.02,0.30,31483
-119.5121999,34.38003153,0.01,0.54,10134
-119.467472,33.20886111,0.09,0.59,96619
-119.4687385,33.25391934,0.02,0.37,33648
-119.4689921,33.26293095,0.04,0.41,57327
-119.4567518,33.20907333,0.07,0.46,97563
-119.4570038,33.21808508,0.00,0.34,293
-119.4580128,33.25413193,0.00,0.24,1408
-119.4899324,34.36245637,0.00,0.06,90
-119.4460314,33.20928464,0.11,0.50,134168
-119.4462823,33.21829646,0.03,0.48,41633
-119.4793332,34.37168694,0.00,0.33,354
-119.435311,33.20949502,0.03,0.63,28002
-119.4355607,33.21850691,0.06,0.58,67813
-119.4469033,34.00270077,0.01,0.32,10709
-119.4471619,34.01171143,0.01,0.37,24651
-119.4570746,34.35410538,0.00,0.11,51
-119.4141173,33.21892505,0.00,0.22,1309
-119.4358269,33.99390488,0.00,0.35,627
-119.4360842,34.00291562,0.04,0.42,57400
-119.445687,34.33630273,0.00,0.27,242
-119.4459488,34.34531291,0.00,0.21,1997
-119.4462106,34.35432307,0.00,0.43,381
-119.4033954,33.21913274,0.00,0.30,8772
-119.4250088,33.99411871,0.01,0.28,18416
-119.425265,34.00312953,0.04,0.37,68028
-119.4348252,34.33651932,0.02,0.41,33870
-119.4350858,34.34552957,0.00,0.35,5879
-119.4141906,33.9943316,0.00,0.21,2270
-119.4144456,34.00334249,0.02,0.34,28305
-119.423704,34.32772461,0.00,0.19,1245
-119.4239633,34.33673494,0.01,0.27,13354
-119.4033722,33.99454353,0.02,0.36,28552
-119.4036262,34.00355449,0.01,0.43,13402
-119.4128432,34.3279392,0.00,0.26,1445
-119.3925538,33.99475452,0.00,0.39,6043
-119.3928066,34.00376555,0.01,0.33,13913
-119.3819869,34.00397566,0.02,0.38,24863
-119.3822387,34.01298675,0.00,0.29,2183
-119.3906099,34.31034434,0.00,0.41,1047
-119.3711671,34.00418481,0.02,0.43,22149
-119.3714177,34.01319597,0.01,0.45,18635
-119.379751,34.3105559,0.01,0.29,22970
-119.3605967,34.01340424,0.02,0.40,25060
-119.3686388,34.30175576,0.03,0.41,46633
-119.368892,34.3107665,0.00,0.33,1080
-119.3464215,34.28415213,0.00,0.30,10355
-119.2342849,34.15100831,0.00,0.31,1850
-119.2232091,34.14219332,0.00,0.41,699
-119.2123705,34.1423892,0.00,0.26,99
-119.1028625,34.09923221,0.00,0.40,845
-119.0659815,33.46866954,0.00,0.14,175
-119.0661956,33.47768334,0.00,0.23,7074
-119.0550136,33.45983451,0.02,0.31,34837
-119.0552264,33.46884839,0.01,0.25,13155
-119.0554393,33.47786226,0.03,0.36,59002
-119.0556523,33.48687612,0.00,0.16,1470
-119.0440479,33.45099841,0.00,0.19,380
-119.0442595,33.46001237,0.03,0.34,57065
-119.0444712,33.46902631,0.02,0.39,24583
-119.044683,33.47804024,0.02,0.29,33917
-119.0448949,33.48705416,0.00,0.23,12978
-119.0332949,33.45117528,0.00,0.27,2542
-119.0335053,33.4601893,0.02,0.28,50760
-119.0337159,33.46920331,0.01,0.30,19437
-119.0339266,33.4782173,0.00,0.24,3971
-119.0341374,33.48723127,0.00,0.26,3938
-119.0233797,33.48740745,0.00,0.11,46
-119.004291,34.05579698,0.01,0.41,9498
-118.9934619,34.05597314,0.20,0.50,243507
-118.982213,34.03812148,0.00,0.17,52
-118.9824228,34.04713492,0.00,0.20,433
-118.9826327,34.05614835,0.00,0.36,7859
-118.971386,34.03829562,0.13,0.46,171899
-118.9715946,34.04730912,0.06,0.41,83825
-118.9605589,34.0384688,0.28,0.49,357587
-118.9607664,34.04748236,0.00,0.34,5668
-118.9497317,34.03864104,0.23,0.55,261229
-118.9389044,34.03881232,0.13,0.53,151257
-118.927873,34.0299689,0.12,0.50,154255
-118.928077,34.03898265,0.28,0.54,319140
-118.9170467,34.03013822,0.27,0.54,303464
-118.9172495,34.03915202,0.03,0.45,44109
-118.9062203,34.03030659,0.11,0.40,165415
-118.906422,34.03932045,0.00,0.54,4452
-118.8953938,34.030474,0.14,0.39,213485
-118.8845672,34.03064046,0.10,0.42,151496
-118.8735423,34.02179193,0.00,0.21,449
-118.8737405,34.03080597,0.08,0.37,140446
-118.8627167,34.02195643,0.00,0.37,203
-118.8629137,34.03097053,0.01,0.27,16313
-118.8080138,33.99572144,0.00,0.25,7560
-118.8082049,34.00473586,0.00,0.29,2512
-118.7971911,33.99588007,0.02,0.32,41660
-118.797381,34.00489454,0.08,0.32,162881
-118.797571,34.01390899,0.01,0.31,22033
-118.7865571,34.00505227,0.00,0.22,9375
-118.786746,34.01406678,0.04,0.31,90432
-118.7759208,34.01422361,0.12,0.40,182643
-118.7761086,34.02323815,0.00,0.26,4491
-118.7650955,34.01437948,0.03,0.40,39179
-118.7652822,34.02339408,0.02,0.37,36751
-118.7542702,34.01453441,0.00,0.30,2744
-118.7544557,34.02354906,0.06,0.35,102256
-118.7436291,34.02370308,0.00,0.30,7879
-118.7438136,34.03271777,0.00,0.20,113
-118.7328025,34.02385616,0.00,0.22,2333
-118.7219758,34.02400828,0.01,0.32,11761
-118.711149,34.02415944,0.05,0.43,66347
-118.7003221,34.02430966,0.01,0.32,21946
-118.6894951,34.02445892,0.01,0.29,13133
-118.6786681,34.02460723,0.00,0.18,1366
-118.6680174,34.03376963,0.00,0.17,59
-118.6269976,33.00624553,0.00,0.23,303
-118.6271632,33.01526224,0.00,0.21,3037
-118.6273289,33.02427894,0.01,0.38,9065
-118.6274947,33.03329563,0.03,0.43,38306
-118.6463606,34.03406158,0.00,0.14,520
-118.6162963,33.00638458,0.12,0.48,154303
-118.6164609,33.01540134,0.13,0.44,189986
-118.6166255,33.02441809,0.15,0.45,211018
-118.6167901,33.03343482,0.07,0.40,114032
-118.6353591,34.02519094,0.00,0.25,2058
-118.6355321,34.03420613,0.00,0.26,3767
-118.605595,33.00652272,0.11,0.50,130932
-118.6057584,33.01553953,0.00,0.40,395
-118.6060855,33.0335731,0.06,0.38,104825
-118.6140238,33.46636236,0.02,0.46,23778
-118.614191,33.47537847,0.00,0.43,5277
-118.5940829,32.96157545,0.00,0.24,420
-118.5942449,32.97059238,0.01,0.33,9630
-118.5944069,32.97960929,0.05,0.45,70295
-118.5945691,32.98862619,0.10,0.46,139752
-118.5947313,32.99764307,0.13,0.46,173157
-118.5948935,33.00665994,0.08,0.49,97192
-118.5952183,33.02469364,0.00,0.20,3628
-118.5953808,33.03371046,0.04,0.33,68285
-118.5955434,33.04272728,0.00,0.20,111
-118.6031002,33.45748583,0.00,0.30,2265
-118.6032663,33.46650199,0.05,0.51,61994
-118.6138749,34.03449237,0.00,0.27,3473
-118.583226,32.95269454,0.02,0.46,24104
-118.5833868,32.96171152,0.18,0.50,225866
-118.5835477,32.9707285,0.15,0.47,198671
-118.5837087,32.97974545,0.05,0.40,78870
-118.5838697,32.9887624,0.01,0.30,11708
-118.5845146,33.02483003,0.00,0.33,6488
-118.584676,33.03384691,0.02,0.56,17277
-118.5921789,33.44860825,0.00,0.42,7127
-118.5923437,33.45762448,0.00,0.34,4317
-118.5926736,33.47565689,0.00,0.44,6050
-118.6030461,34.03463405,0.00,0.19,3854
-118.5723713,32.9438126,0.05,0.53,62218
-118.5725309,32.95282965,0.20,0.51,242078
-118.5726907,32.96184668,0.01,0.40,14791
-118.5736506,33.01594858,0.00,0.28,2868
-118.5738109,33.02496551,0.01,0.51,11700
-118.5810962,33.43071333,0.00,0.57,4897
-118.5812598,33.43972964,0.00,0.40,3859
-118.5814234,33.44874592,0.00,0.24,599
-118.5817509,33.46677845,0.00,0.41,284
-118.5819148,33.4757947,0.00,0.23,36
-118.5922173,34.03477479,0.00,0.15,3437
-118.5610436,32.90787825,0.00,0.26,595
-118.5612019,32.9168954,0.02,0.34,34729
-118.5613603,32.92591253,0.12,0.51,147547
-118.5615187,32.93492965,0.05,0.43,75160
-118.5616772,32.94394675,0.16,0.52,185088
-118.5618358,32.95296384,0.01,0.37,18953
-118.5626298,32.99804909,0.00,0.33,2302
-118.5627888,33.0070661,0.00,0.28,4450
-118.5629479,33.01608309,0.00,0.29,712
-118.5631071,33.02510007,0.00,0.43,2576
-118.5703429,33.43084998,0.02,0.54,17928
-118.5709932,33.46691529,0.00,0.30,1202
-118.5711559,33.47593158,0.00,0.23,38
-118.5501966,32.89899409,0.06,0.55,72794
-118.5503538,32.9080113,0.14,0.52,165706
-118.550511,32.91702849,0.04,0.43,63324
-118.5506683,32.92604567,0.06,0.51,71538
-118.5516135,32.98014845,0.00,0.26,5600
-118.5517713,32.98916553,0.00,0.22,4237
-118.5519292,32.9981826,0.00,0.31,5876
-118.5595895,33.43098569,0.00,0.46,3617
-118.5602353,33.46705118,0.01,0.45,7036
-118.5393519,32.89010892,0.14,0.61,142464
-118.5395079,32.89912618,0.08,0.54,93015
-118.5407584,32.9712638,0.00,0.29,5700
-118.540915,32.98028095,0.00,0.27,1387
-118.5488361,33.43112047,0.01,0.44,8581
-118.5494774,33.46718615,0.00,0.38,6016
-118.5496379,33.47620253,0.00,0.23,33
-118.5283545,32.87220539,0.02,0.41,35673
-118.5285093,32.88122273,0.24,0.60,246958
-118.5286641,32.89024005,0.12,0.62,115132
-118.5299054,32.96237814,0.00,0.19,565
-118.5379235,33.42223782,0.01,0.39,8934
-118.5387194,33.46732018,0.00,0.26,1813
-118.5172082,32.8452833,0.00,0.37,4476
-118.5173616,32.85430072,0.06,0.51,74093
-118.5175152,32.86331813,0.16,0.54,184082
-118.5176688,32.87233552,0.19,0.62,194423
-118.5178225,32.88135291,0.01,0.54,12901
-118.5190546,32.95349146,0.00,0.23,1754
-118.5192089,32.96250872,0.00,0.20,40
-118.527171,33.4223707,0.02,0.58,23566
-118.5278031,33.45843679,0.00,0.29,2625
-118.5279614,33.46745328,0.00,0.42,5920
-118.5063733,32.8363949,0.01,0.43,17534
-118.5065257,32.84541238,0.15,0.50,188951
-118.5066781,32.85442985,0.11,0.48,135055
-118.5068306,32.8634473,0.00,0.39,3549
-118.5080529,32.93558643,0.00,0.15,192
-118.508206,32.94460376,0.00,0.22,731
-118.5162617,33.41348603,0.00,0.40,2161
-118.5164184,33.42250264,0.00,0.26,943
-118.5168891,33.44955236,0.00,0.19,372
-118.5170461,33.45856891,0.00,0.26,1312
-118.4956918,32.83652303,0.17,0.51,207621
-118.4958431,32.84554056,0.03,0.43,39694
-118.4970557,32.91768026,0.00,0.17,70
-118.4972075,32.92669766,0.00,0.18,223
-118.5055101,33.413617,0.01,0.51,14172
-118.5056658,33.42263365,0.01,0.58,11667
-118.5059773,33.4406669,0.00,0.31,1192
-118.5061331,33.4496835,0.00,0.32,1513
-118.4848602,32.82763267,0.01,0.50,17125
-118.4850103,32.83665025,0.16,0.54,179135
-118.4863644,32.91780787,0.00,0.29,66
-118.4935248,33.341613,0.00,0.25,1472
-118.4936787,33.35062981,0.00,0.21,2576
-118.4938328,33.35964659,0.00,0.17,1559
-118.4939869,33.36866337,0.00,0.28,4474
-118.4944497,33.39571361,0.00,0.35,3070
-118.4946041,33.40473033,0.00,0.27,3105
-118.4947585,33.41374703,0.00,0.24,1134
-118.4952223,33.44079706,0.00,0.20,2484
-118.4953771,33.44981371,0.00,0.33,3760
-118.4955319,33.45883035,0.00,0.35,901
-118.4740307,32.8187413,0.00,0.33,246
-118.4741796,32.82775893,0.23,0.59,245585
-118.4743287,32.83677656,0.02,0.54,21661
-118.4826291,33.3327249,0.00,0.32,4930
-118.482782,33.34174175,0.01,0.49,7604
-118.4832408,33.36879225,0.00,0.23,519
-118.4833939,33.37780905,0.01,0.41,20244
-118.483547,33.38682584,0.00,0.32,8055
-118.4837002,33.39584262,0.00,0.40,2804
-118.4844673,33.4409263,0.00,0.29,227
-118.4632033,32.80984891,0.04,0.43,65235
-118.4633512,32.8188666,0.16,0.50,194808
-118.4634991,32.82788429,0.01,0.42,17089
-118.4646846,32.90002525,0.00,0.12,79
-118.4715842,33.31481883,0.01,0.61,9554
-118.4717358,33.32383576,0.04,0.48,56051
-118.4735598,33.43203785,0.00,0.14,31
-118.4525248,32.80997327,0.13,0.48,170751
-118.4526716,32.818991,0.00,0.33,1247
-118.4539953,32.90015003,0.00,0.10,34
-118.4608446,33.31494559,0.03,0.50,42540
-118.4628058,33.43216517,0.00,0.17,231
-118.4415551,32.79206111,0.02,0.41,35504
-118.4417006,32.80107892,0.08,0.51,102957
-118.4418462,32.81009671,0.06,0.53,74355
-118.4501049,33.31507142,0.03,0.55,37336
-118.4520517,33.43229157,0.00,0.20,832
-118.4608761,33.95524541,0.00,0.20,116
-118.4610303,33.96426145,0.00,0.17,1483
-118.4308786,32.79218356,0.08,0.43,107689
-118.4310231,32.80120141,0.02,0.42,27593
-118.4311676,32.81021925,0.00,0.23,155
-118.4393651,33.31519633,0.02,0.53,25816
-118.4411485,33.42340013,0.00,0.11,47
-118.4502097,33.96438944,0.00,0.26,460
-118.4202021,32.7923051,0.01,0.26,11884
-118.4203455,32.801323,0.05,0.43,66497
-118.4284782,33.3063032,0.02,0.46,23309
-118.4286253,33.31532031,0.02,0.39,28519
-118.4359131,33.75714213,0.01,0.28,15788
-118.4360635,33.76615856,0.06,0.32,118364
-118.4362139,33.77517498,0.12,0.42,170043
-118.4363644,33.78419138,0.03,0.45,40096
-118.4096678,32.80144367,0.05,0.47,60010
-118.4098101,32.81046159,0.00,0.32,8507
-118.4177395,33.30642621,0.00,0.31,992
-118.4178854,33.31544336,0.00,0.31,7692
-118.4194955,33.41463118,0.00,0.16,166
-118.4246711,33.73021776,0.00,0.41,1381
-118.4248201,33.73923427,0.02,0.33,35145
-118.4249692,33.74825077,0.02,0.35,29348
-118.4251184,33.75726725,0.02,0.31,49305
-118.4252677,33.76628372,0.01,0.34,12832
-118.425417,33.77530018,0.01,0.48,8911
-118.4255664,33.78431662,0.11,0.48,148619
-118.4257159,33.79333305,0.00,0.36,8185
-118.3991313,32.81058139,0.00,0.16,132
-118.3992727,32.81959934,0.00,0.20,816
-118.4138797,33.7303418,0.01,0.36,14285
-118.4140277,33.73935836,0.03,0.37,57797
-118.4147683,33.78444092,0.01,0.40,13295
-118.4149167,33.79345739,0.06,0.40,87417
-118.4150651,33.80247385,0.00,0.24,11531
-118.3884524,32.81070029,0.01,0.38,10792
-118.3885927,32.81971828,0.01,0.37,18486
-118.3964055,33.31568668,0.00,0.63,330
-118.4030884,33.73046491,0.02,0.38,34427
-118.4041174,33.79358079,0.00,0.30,676
-118.4042647,33.80259729,0.00,0.18,7926
-118.4048544,33.83866315,0.00,0.17,253
-118.3777735,32.81081827,0.04,0.40,57685
-118.3779127,32.8198363,0.01,0.46,9653
-118.3856654,33.31580695,0.00,0.14,56
-118.3922969,33.73058707,0.01,0.37,20401
-118.3924426,33.73960371,0.02,0.39,33867
-118.3670944,32.81093535,0.03,0.41,42402
-118.3672326,32.81995341,0.00,0.49,4671
-118.3673708,32.82897147,0.00,0.57,4862
-118.3747837,33.30690897,0.00,0.25,627
-118.3749253,33.31592629,0.00,0.20,579
-118.37606,33.38806437,0.00,0.74,321
-118.3762021,33.39708157,0.00,0.18,376
-118.3763443,33.40609875,0.00,0.28,364
-118.3815054,33.73070829,0.01,0.40,11600
-118.38165,33.73972497,0.00,0.34,767
-118.3564154,32.81105151,0.02,0.46,30134
-118.3565524,32.82006962,0.00,0.46,4468
-118.3640446,33.30702734,0.00,0.27,8683
-118.3650291,33.37014858,0.00,0.43,311
-118.36517,33.37916585,0.00,0.26,1927
-118.3707139,33.73082857,0.00,0.30,3895
-118.3531662,33.29812737,0.00,0.28,6496
-118.3533054,33.30714478,0.00,0.15,151
-118.35978,33.72193113,0.02,0.33,37185
-118.342428,33.29824384,0.00,0.35,6825
-118.3488484,33.71303266,0.02,0.46,32055
-118.3489895,33.72204948,0.03,0.34,46564
-118.3315528,33.28934188,0.00,0.34,3131
-118.3316899,33.29835939,0.00,0.23,188
-118.3323758,33.34344673,0.00,0.23,307
-118.3325132,33.35246415,0.00,0.17,81
-118.3380589,33.71315003,0.06,0.40,90029
-118.3381988,33.72216689,0.00,0.32,1464
-118.3271306,33.70424953,0.02,0.45,25471
-118.3272694,33.71326645,0.01,0.28,26927
-118.3103482,33.30760528,0.00,0.15,90
-118.3104831,33.31662284,0.00,0.17,136
-118.3106181,33.32564038,0.00,0.14,20
-118.3163421,33.70436498,0.05,0.38,87783
-118.3164797,33.71338194,0.00,0.37,7011
-118.3054172,33.69546247,0.00,0.25,3922
-118.3055536,33.70447948,0.04,0.37,63497
-118.2946297,33.695576,0.03,0.34,48739
-118.294765,33.70459305,0.01,0.37,18668
-118.2949003,33.71361008,0.00,0.20,52
-118.2838421,33.69568858,0.00,0.40,2555
-118.2839763,33.70470567,0.00,0.34,532
-118.2841105,33.71372274,0.00,0.29,904
-118.0135003,33.64408918,0.00,0.29,86
-117.9160771,33.60877336,0.00,0.49,2247
-117.8726919,33.58202974,0.00,0.21,8701
-117.8618273,33.57308674,0.00,0.25,3920
-117.861917,33.58210526,0.00,0.44,1632
-117.8510535,33.5731613,0.00,0.26,491
-117.840105,33.55519774,0.00,0.30,9636
-117.8401923,33.56421633,0.01,0.39,10903
-117.8292472,33.54625174,0.00,0.43,199
-117.8293333,33.55527037,0.00,0.17,107
-117.8184766,33.54632341,0.00,0.41,2354
-117.8076221,33.53737545,0.01,0.41,13395
-117.807706,33.54639414,0.00,0.33,779
-117.7968525,33.53744522,0.01,0.29,25084
-117.7859198,33.51947653,0.00,0.16,138
-117.7860014,33.5284953,0.02,0.31,37145
-117.786083,33.53751405,0.00,0.31,803
-117.7751524,33.51954438,0.00,0.25,5390
-117.7643057,33.51059248,0.01,0.56,5615
-117.7533831,33.4926207,0.00,0.26,3984
-117.7534612,33.50163957,0.00,0.49,367
-117.7423881,33.46562891,0.00,0.26,1211
-117.742465,33.47464784,0.01,0.32,11037
-117.742542,33.48366677,0.00,0.41,808
-117.7426189,33.49268568,0.00,0.14,58
-117.7314758,33.44765493,0.00,0.16,551
-117.7315515,33.45667391,0.01,0.34,26003
-117.7316273,33.46569289,0.08,0.42,111958
-117.7317031,33.47471184,0.02,0.38,39394
-117.7207172,33.44771793,0.01,0.26,13323
-117.7207918,33.45673694,0.02,0.35,34760
-117.7208664,33.46575593,0.00,0.24,735
-117.710032,33.45679902,0.00,0.50,6107
-117.6991998,33.44784113,0.00,0.23,77
-117.6992722,33.45686018,0.01,0.50,14153
-117.6559612,33.42101887,0.00,0.20,4835
-117.656029,33.43003804,0.00,0.17,355
-117.6452056,33.42107528,0.00,0.24,1961
-117.6342534,33.39407306,0.01,0.31,20389
-117.634319,33.40309231,0.04,0.26,88545
-117.6343845,33.41211154,0.00,0.22,3270
-117.6344501,33.42113076,0.00,0.31,1290
-117.6233725,33.37608898,0.01,0.32,19974
-117.6234368,33.38510827,0.02,0.26,53358
-117.6235012,33.39412755,0.06,0.26,143652
-117.6235656,33.40314681,0.01,0.26,22591
-117.6236301,33.41216606,0.00,0.27,3317
-117.6125592,33.36712318,0.00,0.27,10474
-117.6126224,33.3761425,0.02,0.24,61274
-117.6126857,33.38516181,0.03,0.28,58743
-117.6127489,33.39418111,0.00,0.25,9820
-117.6018102,33.36717575,0.01,0.25,24650
-117.6018723,33.37619509,0.01,0.21,18245
-117.5910003,33.35820802,0.00,0.07,130
-117.5910612,33.36722739,0.00,0.07,47
-117.5801327,33.3402199,0.00,0.36,4157
-117.5801925,33.34923932,0.00,0.11,267
-117.569387,33.34026963,0.03,0.29,55863
-117.5694457,33.34928906,0.00,0.17,3465
-117.5585837,33.33129897,0.00,0.27,3110
-117.5586412,33.34031843,0.01,0.30,23127
-117.5586988,33.34933788,0.00,0.08,66
-117.5153925,33.29540658,0.00,0.32,4356
-117.5046003,33.28643105,0.01,0.27,33187
-117.5046522,33.29545065,0.00,0.30,5633
-117.4938102,33.27745455,0.02,0.27,53176
-117.493861,33.28647418,0.03,0.27,60232
-117.4939118,33.2954938,0.00,0.30,7555
-117.4830224,33.26847708,0.00,0.14,487
-117.4830721,33.27749674,0.00,0.20,1629
-117.4831218,33.28651639,0.00,0.23,583
-117.364427,33.15162125,0.00,0.19,9327
-117.3535955,33.12459215,0.01,0.25,18370
-117.3536678,33.14263217,0.00,0.19,5980
-117.3428407,33.11560207,0.00,0.27,4959
-117.3428758,33.12462211,0.02,0.29,34592
-117.3319526,33.07053064,0.00,0.23,2643
-117.3319864,33.07955075,0.00,0.30,245
-117.3320203,33.08857086,0.00,0.28,1540
-117.3320542,33.09759095,0.01,0.30,26934
-117.3211739,33.0525184,0.01,0.31,10584
-117.3212066,33.06153855,0.01,0.31,27375
-117.3212394,33.07055869,0.04,0.29,77747
-117.3212722,33.07957882,0.00,0.29,5782
-117.3096133,32.80899618,0.00,0.36,457
-117.3096759,32.82703719,0.04,0.38,63007
-117.3097072,32.83605768,0.04,0.28,100810
-117.3097385,32.84507816,0.00,0.29,1350
-117.3103679,33.02548495,0.01,0.36,14091
-117.3103996,33.03450515,0.01,0.28,26580
-117.3104312,33.04352534,0.00,0.20,3107
-117.3104628,33.05254552,0.00,0.21,6000
-117.3104945,33.06156568,0.00,0.23,2218
-117.2989014,32.8000016,0.06,0.40,88609
-117.2989316,32.80902213,0.13,0.39,212483
-117.2989618,32.81804266,0.07,0.40,116164
-117.298992,32.82706317,0.12,0.37,196902
-117.2990222,32.83608367,0.07,0.28,160459
-117.2990525,32.84510415,0.04,0.27,92644
-117.2995382,32.98943014,0.00,0.54,1940
-117.2995687,32.99845041,0.00,0.22,611
-117.2995992,33.00747066,0.03,0.34,60992
-117.2996297,33.0164909,0.02,0.30,47049
-117.2996602,33.02551112,0.04,0.35,63572
-117.2996907,33.03453133,0.00,0.29,2627
-117.2879014,32.70079976,0.01,0.45,7331
-117.2879303,32.70982045,0.01,0.64,5614
-117.2879593,32.71884113,0.00,0.36,779
-117.2879883,32.72786179,0.01,0.34,16880
-117.2882207,32.80002663,0.07,0.31,141125
-117.2882498,32.80904718,0.06,0.36,111675
-117.288279,32.81806771,0.05,0.39,78507
-117.2883081,32.82708823,0.01,0.40,20427
-117.2883372,32.83610874,0.00,0.26,6248
-117.2883664,32.84512923,0.03,0.26,64665
-117.2883956,32.85414971,0.01,0.27,20586
-117.2887174,32.95337414,0.00,0.24,4167
-117.2887761,32.97141478,0.00,0.24,4487
-117.2888054,32.98043508,0.02,0.29,37701
-117.2888348,32.98945536,0.03,0.28,62142
-117.2888642,32.99847563,0.02,0.31,44435
-117.2888936,33.00749589,0.02,0.37,29598
-117.288923,33.01651614,0.00,0.22,2496
-117.2771211,32.66474088,0.01,0.37,20822
-117.2771489,32.67376163,0.03,0.33,61909
-117.2771768,32.68278236,0.08,0.37,133927
-117.2772046,32.69180309,0.08,0.37,136911
-117.2772325,32.7008238,0.23,0.44,319295
-117.2772604,32.7098445,0.15,0.42,227928
-117.2772883,32.71886518,0.19,0.40,296858
-117.2773162,32.72788585,0.10,0.35,172856
-117.2773442,32.73690651,0.01,0.31,24952
-117.2775401,32.80005076,0.00,0.25,12177
-117.2775681,32.80907131,0.00,0.51,350
-117.2776803,32.8451534,0.01,0.22,19813
-117.2777084,32.85417389,0.00,0.28,9146
-117.2779901,32.94437807,0.00,0.36,523
-117.2780183,32.95339841,0.00,0.26,7234
-117.2780748,32.97143906,0.00,0.26,225
-117.266403,32.64672242,0.01,0.13,26519
-117.2664297,32.6557432,0.04,0.22,99235
-117.2664565,32.66476397,0.13,0.33,236704
-117.2664833,32.67378473,0.10,0.33,192664
-117.2665101,32.68280548,0.07,0.33,134772
-117.2665369,32.69182621,0.05,0.34,87310
-117.2665637,32.70084693,0.06,0.45,80939
-117.2665905,32.70986763,0.05,0.44,66720
-117.2666173,32.71888832,0.02,0.36,37675
-117.2666442,32.727909,0.03,0.34,51842
-117.266671,32.73692967,0.02,0.33,32806
-117.2557149,32.63772379,0.00,0.10,121
-117.2557406,32.64674459,0.01,0.15,50643
-117.2557663,32.65576538,0.03,0.21,100717
-117.2557919,32.66478616,0.03,0.31,56831
-117.2558176,32.67380693,0.01,0.41,11482
-117.2558434,32.68282768,0.00,0.31,268
-117.2558691,32.69184842,0.00,0.29,96
-117.2450535,32.63774505,0.00,0.10,1094
-117.2450781,32.64676586,0.01,0.15,29544
-117.2451027,32.65578666,0.01,0.18,26749
-117.233668,32.35811359,0.01,0.41,13368
-117.2336912,32.36713481,0.04,0.37,62289
-117.2337144,32.37615601,0.01,0.44,11278
-117.2230395,32.35813283,0.01,0.51,18149
-117.2230617,32.36715406,0.02,0.39,28759
-117.1702531,32.54765927,0.00,0.16,12740
-117.1702701,32.55668025,0.00,0.12,3437
-117.1702871,32.56570123,0.00,0.10,10751
-117.1703042,32.57472218,0.00,0.11,8940
-117.1596023,32.54767324,0.00,0.17,9102
-117.1596183,32.55669423,0.01,0.15,25051
-117.1596342,32.56571521,0.00,0.10,17529
-117.1596502,32.57473617,0.00,0.11,12347
-117.1596662,32.58375712,0.00,0.10,1955
-117.1488771,32.50258115,0.00,0.19,744
-117.148892,32.51160221,0.00,0.23,8657
-117.1489069,32.52062325,0.00,0.21,1032
-117.1489515,32.54768631,0.00,0.22,472
-117.1489664,32.5567073,0.00,0.14,59
-117.1489962,32.57474925,0.00,0.20,163